"Timestamp","What is your gender?","What year were you born? (YYYY)","What's your highest level of education?","Which of these shopping methods do you prefer more?","How often, in the last six months, have you shopped for electronics online?","What are your preferred online vendors when shopping for electronics? (Select all that apply)","How comfortable are you with your knowledge and skill-set, regarding electronics when you shop for them online?","Which response most represents you, when trying to find the products you want to buy?","What are some difficulties you have when shopping for electronics online?","How often do you get frustrated when shopping online for electronics?","How often are you satisfied with your online shopping experience for electronics?","What can make you feel satisfied when shopping for electronics online?","How much time do you research/learn about a product before you're about to purchase it?","How often do you find product descriptions useful when trying to figure out if the product is the right one for you?","What external sources (ex: Google, YouTube, Reddit, etc.) do you use for finding information about the products you want to buy?","When do you find it necessary to seek out information from external sources? (Check all that apply)","When browsing for electronics, which of the following is your favorite method to use? ","Why do you prefer to use the aforementioned method?","How likely are you to look at the related electronics after you have bought something? ","Which product information aspects do you think are necessary when shopping for electronics? (Check all that apply)","Why do you prefer to use the aforementioned method(s)?","Which do you prefer to see right away when searching for an item? (Choose one)","When shopping for electronics online, how often do you read customer reviews? ","How important are customer reviews when looking for a product?","How much do customer reviews affect your final decision when buying a product? "
"2019/01/31 2:52:40 AM GMT","Flying Spaghetti Monster, w/ extra sauce","1996","3+ years of college","Shopping in person","At least once a month","Amazon","Very uncomfortable","I sometimes have difficulty","Unreliable vendors","I sometimes get frustrated","I'm usually satisfied","Receiving my package intact","31 - 60 minutes","I always find them useful","Google","The product has no image;The product has no customer reviews;Need additional information about the product;Want to compare price of product on another site","Search Bar","Usually easiest","Somewhat likely","Shipping cost;Customer reviews;Price;Product availability;Product images;Product specifications (Brand, dimensions, color, compatibility, etc);Trustworthy retailer","Make sure I don't get gypped","Customer reviews","I always read customer reviews","Very important","Somewhat much"
"2019/01/31 2:57:39 AM GMT","Male","1997","1-2 years of college","Shopping in person","At least once a week","Amazon","Somewhat uncomfortable","I sometimes have difficulty","None","I sometimes get frustrated","I'm usually satisfied","When they are cheaper than at the store. ","0 - 30 minutes","I always find them useful","YouTube","Want to compare price of product on another site","Best Reviewed","When someone close to me buys the item I want before me. ","Somewhat likely","Shipping cost;Customer reviews;Price;Product specifications (Brand, dimensions, color, compatibility, etc);Trustworthy retailer","When I’m doughting the item. ","Price","I always read customer reviews","Very important","Very much"
"2019/01/31 2:57:44 AM GMT","Male","1997","1-2 years of college","Shopping in person","At least once a month","Amazon;eBay;Abercrombie ","Somewhat comfortable","I sometimes have difficulty","None","I sometimes get frustrated","I'm usually satisfied","Finding the product I would like to purchase. ","0 - 30 minutes","I sometimes find them useful","Google","The product has no image;The product has no customer reviews;Need additional information about the product;Want to compare price of product on another site","Search Bar","To find something specific ","Somewhat likely","Shipping cost;Time to ship;Customer reviews;Price;Product availability;Product images;Product specifications (Brand, dimensions, color, compatibility, etc);Trustworthy retailer","The faster the better","Price","I always read customer reviews","Somewhat important","Very much"
"2019/01/31 2:57:45 AM GMT","Male","1997","High school","Shopping in person","I never shop for electronics online","Amazon","Somewhat comfortable","I sometimes have difficulty","None","I never get frustrated","I'm usually satisfied","Easy words very simple ","0 - 30 minutes","I sometimes find them useful","YouTube","The product has no image;The product has no customer reviews","“Recommended For You”","NA","Somewhat likely","Shipping cost;Time to ship;Customer reviews;Price;Product images","NA","Time to ship","I always read customer reviews","Very important","Very much"
"2019/01/31 3:01:52 AM GMT","Male","10/31/1997","High school","Shopping in person","At least once a month","Amazon","Somewhat comfortable","I never have difficulty","None","I never get frustrated","I'm usually satisfied","Finding the product that you need at a reasonable price ","0 - 30 minutes","I always find them useful","YouTube","The product has no image","Best Seller","Because of someone's recommendation ","Very likely","Shipping cost;Product images;Trustworthy retailer","Because of someone else's recommendation ","Product images","I always read customer reviews","Very important","Somewhat much"
"2019/01/31 3:05:14 AM GMT","Male","1997","3+ years of college","Shopping in person","At least once a month","Amazon","Very comfortable","I never have difficulty","Finding the best price or ensuring compatibility","I never get frustrated","I'm always satisfied","Finding an item for a low price without having to resort to buying it used","More than 120 minutes","I sometimes find them useful","YouTube","The product has no image;The product has no customer reviews;Need additional information about the product;Want to compare price of product on another site","Filter Within Categories","I can be overly specific and easily narrow down my options without having to do very much digging","Not very likely","Shipping cost;Customer reviews;Price;Product availability;Product images;Product specifications (Brand, dimensions, color, compatibility, etc);Trustworthy retailer;Condition","I have to ensure quality, compatibility, and fair pricing before I buy anything","Condition (New/Used)","I sometimes read customer reviews","Somewhat important","Somewhat much"
"2019/01/31 3:05:45 AM GMT","Male","10311997","High school","Shopping in person","At least once a month","Amazon;eBay","Very comfortable","I never have difficulty","None","I never get frustrated","I'm always satisfied","Finding the product that you need at a reasonable price ","0 - 30 minutes","I always find them useful","YouTube","The product has no image","Best Seller","Because of someone else's recommendations","Extremely likely","Shipping cost;Customer reviews;Product images","Because of someone else's recommendations ","Product images","I always read customer reviews","Very important","Somewhat much"
"2019/01/31 3:06:02 AM GMT","Male","10311997","High school","Shopping in person","At least once a month","Amazon;eBay","Very comfortable","I never have difficulty","None","I never get frustrated","I'm always satisfied","Finding the product that you need at a reasonable price ","0 - 30 minutes","I always find them useful","YouTube","The product has no image","Best Seller","Because of someone else's recommendations","Extremely likely","Shipping cost;Customer reviews;Product images","Because of someone else's recommendations ","Product images","I always read customer reviews","Very important","Somewhat much"
"2019/01/31 3:07:05 AM GMT","Male","1998","1-2 years of college","Shopping online","At least once a month","Amazon;Best Buy","Somewhat comfortable","I sometimes have difficulty","Finding the best price for value among all the places to buy stuff","I never get frustrated","I'm usually satisfied","Finding exactly what I want","0 - 30 minutes","I always find them useful","Google","Want to compare price of product on another site;When I want to find which product specs I should get","Search Bar","It's the default option; I don't usually think of using the others","Not very likely","Shipping cost;Time to ship;Customer reviews;Price;Product availability;Product specifications (Brand, dimensions, color, compatibility, etc)","It's related to time and money; I want to make sure I get the right product too","Price","I always read customer reviews","Very important","Somewhat much"
"2019/01/31 3:16:27 AM GMT","Male","1997","3+ years of college","Shopping in person","At least once a month","Amazon;eBay;alibaba, newegg","Somewhat comfortable","I sometimes have difficulty","Comparing quality of similar priced items","I never get frustrated","I'm usually satisfied","An easy way to look at other e-vendors that sell the same product","More than 120 minutes","I always find them useful","Google;YouTube;Reddit;word of mouth","The product has no image;The product has no customer reviews;Want to compare price of product on another site","Best Reviewed","So I can see what many other people think","Very likely","Time to ship;Customer reviews;Price;Product availability;Trustworthy retailer","I have to know if I'm not getting lied to about the product existing ","Customer reviews","I always read customer reviews","Very important","Somewhat much"
"2019/01/31 3:40:10 AM GMT","Male","09/23/1998","High school","Shopping online","At least once a week","Best Buy","Somewhat uncomfortable","I frequently have difficulty","None","I sometimes get frustrated","I'm sometimes satisfied","When  the website is organized. ","31 - 60 minutes","I hardly ever find them useful","YouTube","Need additional information about the product","Best Seller"," It’s way better. ","Somewhat likely","Time to ship","It’s way better.
","Shipping cost","I almost never read customer reviews","Somewhat important","Somewhat not much"
"2019/01/31 3:45:04 AM GMT","Male","1998","1-2 years of college","Shopping in person","At least once a week","Best Buy","Very uncomfortable","I never have difficulty","None","I never get frustrated","I'm never satisfied","The price ","61 - 120 minutes","I sometimes find them useful","Google","Want to compare price of product on another site","Search Bar","Idk ","Not very likely","Shipping cost","Idk ","Shipping cost","I never read customer reviews","Very important","Not very much"
"2019/01/31 4:02:34 AM GMT","Male","1998","1-2 years of college","Shopping in person","At least once a week","Amazon;Apple","Very comfortable","I never have difficulty","Product knowledge ","I sometimes get frustrated","I'm usually satisfied","Easily finding what I’m looking for ","31 - 60 minutes","I always find them useful","Google;YouTube;Reddit","The product has no image;The product has no customer reviews;Need additional information about the product;Want to compare price of product on another site","Best Reviewed","Best reviewed product by the masses let’s me know people enjoy the product ","Very likely","Shipping cost;Time to ship;Customer reviews;Price;Product availability;Product images;Product specifications (Brand, dimensions, color, compatibility, etc);Trustworthy retailer","I’ve got to know as much info about what I’m buying as possible ","Price","I always read customer reviews","Very important","Somewhat much"
"2019/01/31 4:57:40 AM GMT","Male","1999","1-2 years of college","Shopping in person","At least once a month","Amazon;Best Buy","Somewhat comfortable","I sometimes have difficulty","None","I never get frustrated","I'm usually satisfied","When I find something within my price range","0 - 30 minutes","I always find them useful","Google;Reddit","The product has no image;The product has no customer reviews;Need additional information about the product;Want to compare price of product on another site","Search Bar","It helps me get what I Want faster","Extremely likely","Shipping cost;Price;Product images","It’s important that I’m able to afford it and that I eat it when i need it. ","Price","I always read customer reviews","Somewhat important","Somewhat much"
"2019/01/31 5:37:21 AM GMT","Female","1997","3+ years of college","Shopping online","At least once a month","Amazon;eBay","Somewhat comfortable","I sometimes have difficulty","Some difficulties include, not knowing what to buy and being overwhelmed with online choices","I never get frustrated","I'm usually satisfied","Having a product that works as it should and last a long time","31 - 60 minutes","I always find them useful","Google;YouTube;Reddit","The product has no image;The product has no customer reviews;Need additional information about the product;Want to compare price of product on another site","Search Bar","I get to what I want faster","Not very likely","Shipping cost;Customer reviews;Price;Product availability;Product images;Product specifications (Brand, dimensions, color, compatibility, etc);Trustworthy retailer","I believe the more information you can get about the product you want to buy, the better.","Price","I always read customer reviews","Somewhat important","Somewhat much"
"2019/01/31 5:43:10 AM GMT","Male","1976","High school","Shopping in person","At least once a month","Fry's Electronics","Somewhat comfortable","I sometimes have difficulty","item is out of stock","I sometimes get frustrated","I'm usually satisfied","more products in stock and lower prices","depends on the amount and clarity of information available","I sometimes find them useful","Google;YouTube","The product has no image;The product has no customer reviews;Need additional information about the product;Want to compare price of product on another site","Filter Within Categories","it has served me well in the past","Not very likely","Shipping cost;Time to ship;Customer reviews;Price;Product availability;Product images;Product specifications (Brand, dimensions, color, compatibility, etc);Trustworthy retailer","the more info I can see, the better.","Product specifications (Brand, dimensions, color, compatibility, etc)","I always read customer reviews","Somewhat important","Somewhat much"
"2019/01/31 5:45:46 AM GMT","attack helicopter","1991","3+ years of college","i don't shop","I never shop for electronics online","I do not support the technocrats","Very comfortable","I never have difficulty","not being tricked by the jew","I always get frustrated","I'm never satisfied","Knowing that the cobalt in my phone was mined by child slaves in China and Africa","I don't need electronics","I never find them useful","4chan /biz","produced by jewish owners","companies not owned by jews","because the jews own the federal reserve and the worlds central banking system","Not very likely","Does it help the jew further undermine their host nation","The only reason the jews rule the world is because dumb goys continue fall for their traps","Not supporting the jew","I never read customer reviews","Not very important","Not very much"
"2019/01/31 5:57:09 AM GMT","Male","1997","3+ years of college","Shopping online","At least once a month","Amazon;Best Buy;Fry's Electronics","Very comfortable","I never have difficulty","None","I never get frustrated","I'm usually satisfied","Getting what I want at a competitive price, in a timely manner","More than 120 minutes","I sometimes find them useful","YouTube;Reddit","The product has no image;The product has no customer reviews","Search Bar","Ease of use","Very likely","Shipping cost;Time to ship;Price;Product images;Trustworthy retailer","n/a","Price","I sometimes read customer reviews","Somewhat important","Somewhat much"
"2019/01/31 6:12:52 AM GMT","Male","1984","1-2 years of college","Depends what’s more convenient ","I never shop for electronics online","Amazon;Best Buy","Somewhat comfortable","I never have difficulty","I can’t picture the size of it relative to my hand and/or depending on size if it’ll go on furniture or where to place it exactly. ","I never get frustrated","I'm usually satisfied","Low prices. ","More than 120 minutes","I sometimes find them useful","Google;YouTube","The product has no image;The product has no customer reviews;Need additional information about the product;Want to compare price of product on another site","Filter Within Categories","Gets down to my specifics for what I’m looking for. ","Somewhat likely","Shipping cost;Time to ship;Customer reviews;Price;Product specifications (Brand, dimensions, color, compatibility, etc);Trustworthy retailer","Shows me what I want to see and where it is coming from ","Price","I sometimes read customer reviews","Somewhat important","Somewhat not much"
"2019/01/31 6:25:02 AM GMT","Male","1985","High school","Shopping online","Daily","Amazon;Newegg","Very uncomfortable","I never have difficulty","I can't try out headphones or other products such as monitors before I buy them :(","I sometimes get frustrated","I'm sometimes satisfied","Being able to have a trial product with certain things.  ","Months, until the product goes obsolete","I sometimes find them useful","Google;YouTube;Reddit;l4dnation","The product has no image;The product has no customer reviews;Need additional information about the product;Want to compare price of product on another site;The second I think about buying it.","Filter Within Categories","So you can break down specifics for your price range or need.","Very likely","Shipping cost;Customer reviews;Price;Product availability;Trustworthy retailer","Dollars = Everything.  Customer Service = Everything","Product images","I always read customer reviews","Very important","Somewhat much"
"2019/01/31 6:26:41 AM GMT","Male","1990","3+ years of college","Shopping online","At least once a month","Amazon","Somewhat comfortable","I sometimes have difficulty","Trying to figure out the pros and cons","I sometimes get frustrated","I'm usually satisfied","When the item I order is exactly what i was looking for","31 - 60 minutes","I always find them useful","Google;YouTube","The product has no customer reviews;Want to compare price of product on another site","Search Bar","Its a great way to start","Extremely likely","Customer reviews;Price;Product images;Product specifications (Brand, dimensions, color, compatibility, etc);Trustworthy retailer","Its hard enough to looks for the right item and someone elses experience really helps","Product images","I always read customer reviews","Very important","Somewhat much"
"2019/01/31 6:33:26 AM GMT","Female","1975","1-2 years of college","Shopping in person","At least once a month","Amazon","Somewhat uncomfortable","I frequently have difficulty","Not knowing the name of what Im looking for","I frequently get frustrated","I'm usually satisfied","Having my son do it for me","61 - 120 minutes","I sometimes find them useful","I don't use external sources","The product has no customer reviews","Best Reviewed","It usually gives me the best answers to my questions","Somewhat likely","Shipping cost;Time to ship;Customer reviews;Price;Product availability;Product images;Product specifications (Brand, dimensions, color, compatibility, etc);Trustworthy retailer","If I have to shop online for electronics I usually need it ASAP, so cheap, fast, and reliable is paramount.","Product images","I always read customer reviews","Very important","Very much"
"2019/01/31 6:56:38 AM GMT","Female","1996","3+ years of college","Shopping in person","I never shop for electronics online","Amazon;eBay","Somewhat comfortable","I sometimes have difficulty","None","I never get frustrated","I'm usually satisfied","Have pictures of every angle and color and easier to check out. ","0 - 30 minutes","I sometimes find them useful","Google;YouTube","The product has no image;The product has no customer reviews;Want to compare price of product on another site","Search Bar","To find exactly what I’m looking for. ","Somewhat likely","Shipping cost;Time to ship;Customer reviews;Price;Product images;Product specifications (Brand, dimensions, color, compatibility, etc);Trustworthy retailer","These are good things to be informed with to know if it’s really the product you want and can trust that it’ll work. ","Price","I always read customer reviews","Somewhat important","Somewhat not much"
"2019/01/31 8:12:54 AM GMT","Male","1995","3+ years of college","Shopping online","At least once a month","Amazon;Best Buy;BHPhotovideo","Very comfortable","I never have difficulty","None","I never get frustrated","I'm usually satisfied","Reading reviews","31 - 60 minutes","I always find them useful","Google;YouTube;Reddit","The product has no image;The product has no customer reviews;Need additional information about the product","Search Bar","Directly finds what I want.","Not very likely","Shipping cost;Customer reviews;Price;Product availability;Product images;Product specifications (Brand, dimensions, color, compatibility, etc);Trustworthy retailer","Guarantees product being what you wanted.","Price","I always read customer reviews","Very important","Very much"
"2019/01/31 9:19:14 AM GMT","Female","1995","3+ years of college","depends on the item im looking to buy","At least once a month","Amazon;eBay","Somewhat comfortable","I sometimes have difficulty","knowing exactly what it is i need when there are such numerous options","I sometimes get frustrated","I'm usually satisfied","when the item becomes something i use for many years in my daily life","31 - 60 minutes","I sometimes find them useful","Google;YouTube;advice from friends/relatives","The product has no customer reviews;Need additional information about the product;Want to compare price of product on another site","Search Bar","the aforementioned research usually leads to a specific thing i eventually look for","Not very likely","Shipping cost;Customer reviews;Price;Product specifications (Brand, dimensions, color, compatibility, etc);Trustworthy retailer","after research, all these aspects are important for finding the specific thing i want, as well as the cheapest source","Customer reviews","I always read customer reviews","Very important","Very much"
"2019/01/31 10:46:09 AM GMT","Female","1999","3+ years of college","Shopping in person","I never shop for electronics online","Amazon","Somewhat comfortable","I sometimes have difficulty","None","I sometimes get frustrated","I'm usually satisfied","User ratings, competitor comparisons","More than 120 minutes","I always find them useful","Google;Reddit","The product has no image;The product has no customer reviews;Need additional information about the product;Want to compare price of product on another site","Filter Within Categories","Process of elimination— Best reviewed often contain far fewer reviews to maintain an average high rating. Recommended for you I feel less likely to trust, because it feels that companies promote certain underachieving products.","Not very likely","Shipping cost;Time to ship;Customer reviews;Price;Product images;Product specifications (Brand, dimensions, color, compatibility, etc);Trustworthy retailer","Ensure that I have high quality products— and to ascertain that I won’t be scammed.","Price","I always read customer reviews","Very important","Very much"
"2019/01/31 12:19:25 PM GMT","Male","1996","3+ years of college","Shopping online","At least once a month","Amazon","Very uncomfortable","I never have difficulty","None","I never get frustrated","I'm always satisfied","Finding what I need easily.","0 - 30 minutes","I sometimes find them useful","I don't use external sources","Need additional information about the product","“Recommended For You”","Recomended usually shows products that are useful for comparisons.","Somewhat likely","Shipping cost;Time to ship;Customer reviews;Price;Product images;Product specifications (Brand, dimensions, color, compatibility, etc)","Most information is useful when comparing products.  The other two arent much of an issue on amazon in my experience.","Customer reviews","I always read customer reviews","Very important","Somewhat much"
"2019/01/31 2:32:08 PM GMT","Male","1995","High school","Shopping online","At least once a week","Amazon;Best Buy;Fry's Electronics","Somewhat comfortable","I sometimes have difficulty","Unable to see the real product. Always makes me wary because online shopping has the worst return policy ever. ","I sometimes get frustrated","I'm always satisfied","Nothing. I’m a bargain shopper so I always make sure to find the best deal possible. ","31 - 60 minutes","I sometimes find them useful","YouTube","The product has no image;The product has no customer reviews;Need additional information about the product;Want to compare price of product on another site","Filter Within Categories","Uhhh sorry can’t answer this one too early to comprehend the large word","Not very likely","Shipping cost;Time to ship;Customer reviews;Price","Huh","Customer reviews","I always read customer reviews","Very important","Somewhat much"
"2019/01/31 3:02:10 PM GMT","Male","1998","3+ years of college","Shopping in person","At least once a month","Amazon","Very comfortable","I sometimes have difficulty","Quality/comparison checks on substitute items","I sometimes get frustrated","I'm usually satisfied","Reading quality reviews that are real","More than 120 minutes","I sometimes find them useful","Google;YouTube;Reddit","Need additional information about the product;always, more info is better","Search Bar","I generally have an idea of what I want to buy so I just search it up","Somewhat likely","Shipping cost;Customer reviews;Price;Product availability;Product images;Product specifications (Brand, dimensions, color, compatibility, etc);Trustworthy retailer","They're all important to know prior to a purchase","Price","I always read customer reviews","Very important","Very much"
"2019/01/31 4:27:43 PM GMT","Male","1989","3+ years of college","I do everyday necessities in person, for other things i prefer online ","At least once a month","Amazon;Best Buy","Somewhat uncomfortable","I sometimes have difficulty","Sometimes i am hesistant about the products. Sometimes i feel kore comfortsble seeing them in person","I sometimes get frustrated","I'm usually satisfied","Seeing more reviews from known individuals ","More than 120 minutes","I always find them useful","Google;YouTube","The product has no customer reviews;Need additional information about the product","Best Reviewed","I want to see what people had to say about the product","Not very likely","Customer reviews;Price;Product specifications (Brand, dimensions, color, compatibility, etc);Trustworthy retailer","One, I value customer reviews. 2) I only shop from known and reputable retailers to avoid being scammed. 3) product specifications are important so I am aware of what to expect. 4) I do a lot of price comparisons.","Price","I always read customer reviews","Very important","Very much"
"2019/01/31 4:35:04 PM GMT","Prefer not to say","1992","3+ years of college","Shopping online","At least once a month","Amazon;Best Buy","Somewhat comfortable","I never have difficulty","None","I never get frustrated","I'm sometimes satisfied","Low prices","More than 120 minutes","I hardly ever find them useful","Google;YouTube","Need additional information about the product;Want to compare price of product on another site","Search Bar","Less Bias","Not very likely","Shipping cost;Price;Product specifications (Brand, dimensions, color, compatibility, etc);Trustworthy retailer","For better results ","Product images","I always read customer reviews","Somewhat important","Somewhat much"
"2019/01/31 4:36:26 PM GMT","Female","1999","1-2 years of college","Shopping in person","I never shop for electronics online","Amazon;Best Buy","Very uncomfortable","I frequently have difficulty","Understanding and comparing products","I frequently get frustrated","I'm sometimes satisfied","Understanding my electronic well","31 - 60 minutes","I hardly ever find them useful","Google;YouTube","Want to compare price of product on another site","Best Reviewed","Personal feedback","Somewhat likely","Shipping cost;Time to ship;Customer reviews;Price;Product specifications (Brand, dimensions, color, compatibility, etc)","Rarely do","Price","I always read customer reviews","Very important","Very much"
"2019/01/31 4:38:02 PM GMT","Female","1990","3+ years of college","Shopping in person","At least once a month","Amazon","Somewhat comfortable","I never have difficulty","None","I sometimes get frustrated","I'm usually satisfied","Clear descriptions of products ","31 - 60 minutes","I always find them useful","Google;YouTube","The product has no image;The product has no customer reviews;Want to compare price of product on another site","Search Bar","Find it the most beneficial because I can get multiple opinions ","Somewhat likely","Shipping cost;Time to ship;Price;Product availability;Product images;Trustworthy retailer","With all these options I can assume it will be a good product ","Product images","I sometimes read customer reviews","Very important","Somewhat much"
"2019/01/31 4:38:49 PM GMT","Male","1997","1-2 years of college","Shopping online","At least once a month","Amazon","Somewhat comfortable","I sometimes have difficulty","None","I never get frustrated","I'm usually satisfied","Getting the exact thing I was looking for","0 - 30 minutes","I always find them useful","YouTube","Want to compare price of product on another site","Search Bar","Based on personal feedback","Very likely","Shipping cost;Customer reviews;Price;Product images;Trustworthy retailer","Based on experience ","Price","I always read customer reviews","Very important","Very much"
"2019/01/31 4:52:20 PM GMT","Male","1996","1-2 years of college","Shopping online","At least once a month","Amazon;Best Buy;Fry's Electronics","Somewhat comfortable","I sometimes have difficulty","None","I sometimes get frustrated","I'm usually satisfied","reasonable prices/frequent sales","More than 120 minutes","I hardly ever find them useful","Google;YouTube;Reddit","The product has no customer reviews;Need additional information about the product","Best Reviewed","Seeing reviews can be helpful to making a decision since I usually know what I want","Very likely","Shipping cost;Time to ship;Customer reviews;Price;Product availability;Product images;Product specifications (Brand, dimensions, color, compatibility, etc);Trustworthy retailer","Just to make sure the money you're putting into the product is exactly what you want, and no problems/difficulties arise whether it's purchasing or model type etc. ","Price","I always read customer reviews","Very important","Very much"
"2019/01/31 5:03:32 PM GMT","Male","1996","3+ years of college","Shopping in person","At least once a month","Amazon","Somewhat comfortable","I sometimes have difficulty","not being able to determine whether the item will be as I want it to be","I sometimes get frustrated","I'm usually satisfied","if I see that the item I bought is just exactly like I wanted","61 - 120 minutes","I sometimes find them useful","Google;Reddit;Quora","The product has no image;The product has no customer reviews;Need additional information about the product","Best Reviewed","Because if I see that the item got good review from others, chances are I am going to like it as well.","Not very likely","Time to ship;Customer reviews;Product images;Product specifications (Brand, dimensions, color, compatibility, etc);Trustworthy retailer","Trustworthy retailer is always important if you don't want to get a fake one. Also product images can help me determine whether I'll find the product aesthetically pleasing. Product specifications can help me determine whether the product is as I want it to be. Customer reviews will help me understand how likely I am to like that product.","Product specifications (Brand, dimensions, color, compatibility, etc)","I always read customer reviews","Very important","Very much"
"2019/01/31 5:51:31 PM GMT","Male","1997","3+ years of college","Shopping online","At least once a month","Amazon;Fry's Electronics;Microcenter","Very uncomfortable","I never have difficulty","None","I never get frustrated","I'm usually satisfied","When it arrives on time","More than 120 minutes","I sometimes find them useful","Google;YouTube;Reddit","The product has no image;The product has no customer reviews;Need additional information about the product;Want to compare price of product on another site;All the time","Search Bar","I can search for it","Very likely","Shipping cost;Time to ship;Customer reviews;Price;Product availability;Product images;Product specifications (Brand, dimensions, color, compatibility, etc);Trustworthy retailer","Because I want to know what I'm spending my money on.","Product specifications (Brand, dimensions, color, compatibility, etc)","I always read customer reviews","Somewhat not important","Somewhat much"
"2019/01/31 8:42:18 PM GMT","Male","1996","3+ years of college","Shopping online","At least once a month","Amazon;Fry's Electronics","Very comfortable","I never have difficulty","None","I sometimes get frustrated","I'm usually satisfied","Ease of use","More than 120 minutes","I hardly ever find them useful","Google;YouTube;Reddit","The product has no image;The product has no customer reviews;Need additional information about the product;Want to compare price of product on another site","Search Bar","It's easier","Somewhat likely","Shipping cost;Time to ship;Price;Product availability;Product specifications (Brand, dimensions, color, compatibility, etc);Trustworthy retailer","It's easier","Price","I almost never read customer reviews","Not very important","Not very much"
"2019/01/31 8:47:30 PM GMT","Male","1998","3+ years of college","Shopping in person","I never shop for electronics online","Amazon;Best Buy;Fry's Electronics;umami","Very uncomfortable","I always have difficulty","im poor as fuck","I always get frustrated","I'm never satisfied","sale","More than 120 minutes","I sometimes find them useful","Google;YouTube;Reddit","The product has no image;The product has no customer reviews;Need additional information about the product;Want to compare price of product on another site","Best Reviewed","if the peeps like it it must be good","Somewhat likely","Shipping cost;Time to ship;Customer reviews;Price;Product images;Product specifications (Brand, dimensions, color, compatibility, etc);Trustworthy retailer","come on babbbbby","Price","I always read customer reviews","Very important","Very much"
"2019/01/31 9:25:48 PM GMT","Female","1992","3+ years of college","Shopping in person","I never shop for electronics online","Amazon;eBay","Somewhat uncomfortable","I sometimes have difficulty","None","I sometimes get frustrated","I'm sometimes satisfied","More information on the product ","0 - 30 minutes","I hardly ever find them useful","YouTube","The product has no image;The product has no customer reviews;Need additional information about the product","Filter Within Categories","Not interested ","Somewhat likely","Shipping cost;Time to ship;Customer reviews;Price;Product specifications (Brand, dimensions, color, compatibility, etc)","Too see what i am buying ","Product availability","I always read customer reviews","Very important","Somewhat much"
"2019/01/31 9:57:28 PM GMT","Male","1995","3+ years of college","Shopping online","At least once a month","Amazon;Best Buy;Fry's Electronics","Very comfortable","I sometimes have difficulty","None","I sometimes get frustrated","I'm usually satisfied","Intuitiveness","31 - 60 minutes","I always find them useful","Google;Reddit","Need additional information about the product;Want to compare price of product on another site","Best Seller","At least I would know that the product I’m getting is good to use.","Very likely","Shipping cost;Time to ship;Customer reviews;Price;Product availability;Product images","I need as much information as possible before buying the product.","Customer reviews","I always read customer reviews","Very important","Very much"
"2019/01/31 11:01:40 PM GMT","Male","1995","High school","Shopping online","At least once a month","Newegg","Somewhat comfortable","I never have difficulty","None","I never get frustrated","I'm usually satisfied","N/A","61 - 120 minutes","I sometimes find them useful","Google;YouTube;Reviews/suggestions from friends via social media","The product has no image;The product has no customer reviews;Need additional information about the product;Want to compare price of product on another site","Best Reviewed","Finding satisfied (or not) reviews from people who own the product is highly valued when making a decision to purchase.","Not very likely","Shipping cost;Time to ship;Customer reviews;Price;Product availability;Product images;Product specifications (Brand, dimensions, color, compatibility, etc);Trustworthy retailer","All information is necessary in order to make an informed decision that you (hopefully) won't regret.","Product availability","I always read customer reviews","Very important","Somewhat much"
"2019/02/01 12:03:40 AM GMT","Male","1993","3+ years of college","Shopping online","I never shop for electronics online","Amazon;Best Buy","Very comfortable","I sometimes have difficulty","Good brands for a good price. And not a Dell.","I never get frustrated","I'm usually satisfied","Ease of transaction, price, etc","31 - 60 minutes","I always find them useful","Google","The product has no image;The product has no customer reviews;Need additional information about the product;Want to compare price of product on another site","Search Bar","Easiest to use.","Not very likely","Shipping cost;Time to ship;Customer reviews;Price;Product availability;Product specifications (Brand, dimensions, color, compatibility, etc);Trustworthy retailer","I think they're all equally important. I don't care much about the images as look isn't an important factor for me most times.","Product specifications (Brand, dimensions, color, compatibility, etc)","I always read customer reviews","Very important","Very much"
"2019/02/01 12:10:52 AM GMT","Female","1999","1-2 years of college","Shopping online","I never shop for electronics online","Best Buy","Somewhat uncomfortable","I frequently have difficulty","Idk what is good ","I sometimes get frustrated","I'm sometimes satisfied","Knowing what’s good","0 - 30 minutes","I hardly ever find them useful","Google;YouTube","The product has no image;The product has no customer reviews;Need additional information about the product;Want to compare price of product on another site","Filter Within Categories","Less to choose from","Not very likely","Shipping cost;Price;Product images;Product specifications (Brand, dimensions, color, compatibility, etc);Trustworthy retailer","So i can get the best quality for the least amount of money","Price","I almost never read customer reviews","Somewhat important","Somewhat not much"
"2019/02/01 12:11:26 AM GMT","Female","2000","1-2 years of college","Shopping in person","I never shop for electronics online","Amazon","Very uncomfortable","I sometimes have difficulty","None","I sometimes get frustrated","I'm usually satisfied","N/A","0 - 30 minutes","I sometimes find them useful","Google;YouTube","The product has no image;The product has no customer reviews","“Recommended For You”","N/A","Somewhat likely","Shipping cost;Time to ship;Price;Product availability;Trustworthy retailer","N/A","Price","I sometimes read customer reviews","Somewhat important","Somewhat not much"
"2019/02/01 12:12:25 AM GMT","Female","1998","1-2 years of college","Shopping online","I never shop for electronics online","Amazon;Best Buy","Somewhat comfortable","I never have difficulty","None","I never get frustrated","I'm usually satisfied","Comparison of products (price, uses, applications)","More than 120 minutes","I sometimes find them useful","Google;YouTube","Need additional information about the product;Want to compare price of product on another site","Best Reviewed","To see what other people who have tried the product have to say about it","Somewhat likely","Customer reviews;Price;Product specifications (Brand, dimensions, color, compatibility, etc);Trustworthy retailer","For reliability and reassurance that the product will be worth my investment","Trustworthy retailer","I always read customer reviews","Very important","Somewhat much"
"2019/02/01 12:12:44 AM GMT","Female","1997","3+ years of college","Shopping in person","I never shop for electronics online","Amazon","Somewhat comfortable","I sometimes have difficulty","The item is unavailable","I never get frustrated","I'm sometimes satisfied","Reviews","31 - 60 minutes","I sometimes find them useful","Google;YouTube","The product has no image;The product has no customer reviews;Need additional information about the product;Want to compare price of product on another site","Best Seller","I assume that its good if many people buy it","Somewhat likely","Shipping cost;Customer reviews;Price;Product availability;Trustworthy retailer","N/A","Price","I sometimes read customer reviews","Somewhat important","Somewhat much"
"2019/02/01 12:13:31 AM GMT","Female","1998","3+ years of college","Shopping online","At least once a month","Amazon;Best Buy;eBay;Fry's Electronics","Somewhat uncomfortable","I sometimes have difficulty","None","I never get frustrated","I'm usually satisfied","A good description of the product ","Days","I always find them useful","Google;YouTube","The product has no image;The product has no customer reviews;Need additional information about the product;Want to compare price of product on another site","Filter Within Categories","I usually have specific things I want in my product","Somewhat likely","Customer reviews;Price;Product availability;Product images;Product specifications (Brand, dimensions, color, compatibility, etc);Trustworthy retailer","Because I want a good product","Price","I sometimes read customer reviews","Somewhat important","Somewhat not much"
"2019/02/01 12:14:48 AM GMT","Female","1999","1-2 years of college","Shopping in person","I never shop for electronics online","Amazon","Somewhat uncomfortable","I sometimes have difficulty","None","I sometimes get frustrated","I'm sometimes satisfied","Better prices","0 - 30 minutes","I always find them useful","Google","The product has no image;The product has no customer reviews","Best Seller","I want the best of the best","Somewhat likely","Shipping cost;Time to ship;Customer reviews;Price;Product availability;Product images;Product specifications (Brand, dimensions, color, compatibility, etc)","Because they important","Customer reviews","I always read customer reviews","Very important","Very much"
"2019/02/01 12:15:38 AM GMT","Female","1996","3+ years of college","Shopping in person","I never shop for electronics online","Amazon","Somewhat comfortable","I never have difficulty","None","I sometimes get frustrated","I'm sometimes satisfied","More security regarding products, shipments and delivery.","31 - 60 minutes","I always find them useful","Google;YouTube","The product has no customer reviews;Need additional information about the product;Want to compare price of product on another site","Best Reviewed","It makes me feel better reading other people’s reviews and opinions.","Somewhat likely","Shipping cost;Time to ship;Customer reviews;Price;Product availability;Product images;Product specifications (Brand, dimensions, color, compatibility, etc);Trustworthy retailer","The more details I have, the more I am likely to consider buying a product.","Customer reviews","I always read customer reviews","Very important","Somewhat much"
"2019/02/01 12:18:12 AM GMT","Female","2000","1-2 years of college","Shopping online","At least once a month","Amazon;Best Buy;Fry's Electronics","Somewhat comfortable","I sometimes have difficulty","Not knowing what some terms mean.","I never get frustrated","I'm usually satisfied","As long as the product works for what I intended it to be and it is safe to use as well.","31 - 60 minutes","I always find them useful","Google;YouTube;Reddit","The product has no image;The product has no customer reviews;Need additional information about the product;Want to compare price of product on another site","Best Reviewed","Rather that trusting what the company says, I would much rather trust a person who has utilized the actual product.","Not very likely","Shipping cost;Customer reviews;Price;Product images","I feel as if they are basic things I need in order to ensure that I'll be getting the item at an affordable price and also for good quality.","Price","I always read customer reviews","Very important","Somewhat much"
"2019/02/01 12:18:31 AM GMT","Female","1998","1-2 years of college","Shopping online","At least once a week","Amazon;Best Buy","Somewhat comfortable","I sometimes have difficulty","None","I never get frustrated","I'm always satisfied","trustworthy sellers","61 - 120 minutes","I sometimes find them useful","Google;YouTube;Reddit","everytime I look to buy online","Search Bar","faster","Somewhat likely","Customer reviews;Price;Product specifications (Brand, dimensions, color, compatibility, etc);Trustworthy retailer","longevity/reliability of product","Price","I always read customer reviews","Very important","Very much"
"2019/02/01 12:20:13 AM GMT","Female","1999","1-2 years of college","Shopping in person","I never shop for electronics online","Amazon;Best Buy","Somewhat comfortable","I sometimes have difficulty","None","I sometimes get frustrated","I'm usually satisfied","all the details of the product being described","More than 120 minutes","I sometimes find them useful","Google","The product has no image;The product has no customer reviews;Need additional information about the product;Want to compare price of product on another site","Filter Within Categories","there are few things that i prioritize in electronics so i search for those categories to narrow down my choices","Somewhat likely","Shipping cost;Customer reviews;Price;Product availability;Product specifications (Brand, dimensions, color, compatibility, etc)","it needs to be a reasonable cost and i like to know that other people have good reviews of the product","Product specifications (Brand, dimensions, color, compatibility, etc)","I always read customer reviews","Very important","Very much"
"2019/02/01 12:26:42 AM GMT","Female","1999","1-2 years of college","Shopping in person","I never shop for electronics online","Amazon","Somewhat comfortable","I sometimes have difficulty","I am occasionally unsure of the differences between two similar products or what aspects of one product are better than another.","I sometimes get frustrated","I'm usually satisfied","I typically have to take extended periods of time reading about the product to be sure that it is good quality and has high ratings.","0 - 30 minutes","I always find them useful","Google;YouTube","The product has no image;The product has no customer reviews;Need additional information about the product;Want to compare price of product on another site","Search Bar","I like to be relatively certain of the product I am searching for in advance because looking through many different items can become stressful.","Not very likely","Shipping cost;Time to ship;Customer reviews;Price;Product availability;Product images;Product specifications (Brand, dimensions, color, compatibility, etc);Trustworthy retailer","With any online shopping, all of these aspects are important to ensure a good quality product.","Product images","I always read customer reviews","Very important","Somewhat much"
"2019/02/01 1:10:33 AM GMT","Male","09/23/1998","High school","Shopping online","At least once a week","Best Buy","Somewhat uncomfortable","I frequently have difficulty","None","I sometimes get frustrated","I'm sometimes satisfied","When  the website is organized. ","31 - 60 minutes","I hardly ever find them useful","YouTube","Need additional information about the product","Best Seller"," It’s way better. ","Somewhat likely","Time to ship","It’s way better.
","Shipping cost","I almost never read customer reviews","Somewhat important","Somewhat not much"
"2019/02/01 2:36:50 AM GMT","Male","2000","1-2 years of college","Shopping online","I never shop for electronics online","Amazon","Somewhat comfortable","I sometimes have difficulty","None","I sometimes get frustrated","I'm sometimes satisfied","When there’s good reviews ","31 - 60 minutes","I sometimes find them useful","YouTube","The product has no customer reviews","Best Seller","Because if a lot of people buy it, it must be good.","Very likely","Shipping cost;Time to ship;Customer reviews;Price;Product availability;Product images;Product specifications (Brand, dimensions, color, compatibility, etc);Trustworthy retailer","They help","Customer reviews","I always read customer reviews","Somewhat not important","Somewhat not much"
"2019/02/01 5:17:58 AM GMT","Male","1999","1-2 years of college","Shopping in person","At least once a month","Amazon","Somewhat comfortable","I sometimes have difficulty","None","I sometimes get frustrated","I'm usually satisfied","Being able to find accurate and honest reviews easily.","More than 120 minutes","I sometimes find them useful","Google;YouTube","The product has no image;The product has no customer reviews;Need additional information about the product;Want to compare price of product on another site","Search Bar","Easy to access","Somewhat likely","Shipping cost;Time to ship;Customer reviews;Price;Product availability;Product images;Product specifications (Brand, dimensions, color, compatibility, etc);Trustworthy retailer","Assures quality in the product purchased.","Price","I always read customer reviews","Very important","Somewhat much"
"2019/02/01 7:22:43 AM GMT","Male","1999","1-2 years of college","Shopping in person","At least once a month","Amazon","Very uncomfortable","I never have difficulty","None","I sometimes get frustrated","I'm usually satisfied","more pictures","31 - 60 minutes","I sometimes find them useful","Google;YouTube","Need additional information about the product","Search Bar","i usually know what im looking for","Somewhat likely","Shipping cost;Customer reviews;Price;Product images","understanding what the product is like as you cannot try it on when shopping online","Product images","I always read customer reviews","Somewhat important","Somewhat much"
"2019/02/01 12:19:12 PM GMT","Female","1996","1-2 years of college","Shopping online","At least once a month","Amazon;eBay","Somewhat comfortable","I never have difficulty","None","I sometimes get frustrated","I'm usually satisfied","More pictures and discriptions to be able to really know what I'm buying.","31 - 60 minutes","I always find them useful","Google;YouTube","The product has no image;The product has no customer reviews;Need additional information about the product;Want to compare price of product on another site","Search Bar","So I can find what I need quickly, without having to sort through a bunch of options.","Very likely","Shipping cost;Customer reviews;Price;Product images;Product specifications (Brand, dimensions, color, compatibility, etc)","So I know what I am getting myself into!","Price","I always read customer reviews","Very important","Somewhat much"
"2019/02/03 5:16:19 PM GMT","Male","1999","1-2 years of college","Shopping online","At least once a month","Amazon","Somewhat comfortable","I never have difficulty","None","I sometimes get frustrated","I'm usually satisfied","If it had been positively reviewed by other users","0 - 30 minutes","I sometimes find them useful","Google;YouTube;Reddit","The product has no image;The product has no customer reviews;Need additional information about the product;Want to compare price of product on another site","Best Seller","The item has been bought many times, therefore likely having the most reviews about if the product is a good buy or not","Not very likely","Customer reviews;Price;Product availability;Product specifications (Brand, dimensions, color, compatibility, etc);Trustworthy retailer","They give me information about what product I am purchasing and how it will function.  Plus, it ensures I get my money’s worth on the actual product.","Price","I always read customer reviews","Somewhat important","Somewhat much"